<manifest alg="2" build="2015.0.0.309" opt="true" iceEnabled="true" iceMarkupVersion="2" exportTarget="other" domain="yskexclusive.com" resolutions="1x" timestamp="1480142461968">
  <folder name="css">
    <file name="site_global.css" crc="4052507572"/>
    <file name="welcome-copy.css" crc="3869111745" ref="welcome-copy"/>
    <file name="index.css" crc="4186427789" ref="index"/>
    <file name="untitled-5.css" crc="112180619" ref="untitled-5"/>
  </folder>
  <folder name="scripts">
    <file name="jquery-1.8.3.min.js" crc="4255413929" ref="phone>index:tablet>index:index:untitled-5:welcome-copy"/>
    <file name="museutils.js" crc="183364071" ref="phone>index:tablet>index:index:untitled-5:welcome-copy"/>
    <file name="jquery.watch.js" crc="71412426" ref="phone>index:tablet>index:index:untitled-5:welcome-copy"/>
    <file name="museredirect.js" crc="40941066" ref="tablet>index"/>
  </folder>
  <folder name="images">
    <file name="enter.jpg" crc="3847773829" seo="true" ref="index"/>
  </folder>
  <folder name="tablet">
    <folder name="css">
      <file name="index.css" crc="3964970448" ref="tablet>index"/>
    </folder>
    <file name="index.html" crc="4230892607" seo="true" mt="1480142200924" redirect="false"/>
  </folder>
  <folder name="phone">
    <folder name="css">
      <file name="index.css" crc="4107295331" ref="phone>index"/>
    </folder>
    <file name="index.html" crc="198580414" seo="true" mt="1480142200926" redirect="false"/>
  </folder>
  <file name="index.html" crc="3946188695" seo="true" mt="1480142331788" redirect="true"/>
  <file name="untitled-5.html" crc="265637360" seo="true" mt="1480142200920" redirect="false"/>
  <file name="welcome-copy.html" crc="4233886997" seo="true" mt="1480142200921" redirect="false"/>
</manifest>